{
    "key": "group_65f1abd949ce7",
    "title": "Registration - Content",
    "fields": [
        {
            "key": "field_65f1aec5e5cd5",
            "label": "Registration Form ID",
            "name": "registration_form_id",
            "aria-label": "",
            "type": "gravity_forms_field",
            "instructions": "",
            "required": 1,
            "conditional_logic": 0,
            "wrapper": {
                "width": "100",
                "class": "",
                "id": ""
            },
            "allow_null": 0,
            "allow_multiple": 0
        },
        {
            "key": "field_65f1abda035f5",
            "label": "Instructions",
            "name": "instructions",
            "aria-label": "",
            "type": "wysiwyg",
            "instructions": "",
            "required": 1,
            "conditional_logic": 0,
            "wrapper": {
                "width": "50",
                "class": "",
                "id": ""
            },
            "default_value": "Complete the form below in order to register for your selected courses. Once you have completed the form, click <strong>\"Next: Checkout\"<\/strong> to complete your registration with payment.",
            "tabs": "all",
            "toolbar": "basic",
            "media_upload": 0,
            "delay": 0
        },
        {
            "key": "field_65f1ac1e035f6",
            "label": "Notice",
            "name": "notice",
            "aria-label": "",
            "type": "wysiwyg",
            "instructions": "",
            "required": 1,
            "conditional_logic": 0,
            "wrapper": {
                "width": "50",
                "class": "",
                "id": ""
            },
            "default_value": "Your registration is not complete until your payment is finalized.",
            "tabs": "all",
            "toolbar": "basic",
            "media_upload": 0,
            "delay": 0
        }
    ],
    "location": [
        [
            {
                "param": "page_template",
                "operator": "==",
                "value": "registration.php"
            }
        ]
    ],
    "menu_order": 0,
    "position": "acf_after_title",
    "style": "default",
    "label_placement": "top",
    "instruction_placement": "label",
    "hide_on_screen": [
        "the_content",
        "discussion",
        "comments",
        "slug",
        "author"
    ],
    "active": true,
    "description": "",
    "show_in_rest": 0,
    "modified": 1710861314
}
