{
    "key": "group_65e64df9e6db8",
    "title": "CPT - Course - Content",
    "fields": [
        {
            "key": "field_65eb3e5058ee1",
            "label": "Hero Banner",
            "name": "",
            "aria-label": "",
            "type": "tab",
            "instructions": "",
            "required": 0,
            "conditional_logic": 0,
            "wrapper": {
                "width": "",
                "class": "",
                "id": ""
            },
            "placement": "left",
            "endpoint": 0
        },
        {
            "key": "field_65e64dfa78516",
            "label": "Intro",
            "name": "course_intro",
            "aria-label": "",
            "type": "wysiwyg",
            "instructions": "",
            "required": 1,
            "conditional_logic": 0,
            "wrapper": {
                "width": "50",
                "class": "",
                "id": ""
            },
            "default_value": "",
            "tabs": "all",
            "toolbar": "basic",
            "media_upload": 0,
            "delay": 0
        },
        {
            "key": "field_66169d82b1e04",
            "label": "Hero Image",
            "name": "course_hero",
            "aria-label": "",
            "type": "image",
            "instructions": "",
            "required": 1,
            "conditional_logic": 0,
            "wrapper": {
                "width": "50",
                "class": "",
                "id": ""
            },
            "return_format": "array",
            "library": "all",
            "min_width": "",
            "min_height": "",
            "min_size": "",
            "max_width": "",
            "max_height": "",
            "max_size": "",
            "mime_types": "",
            "preview_size": "medium"
        },
        {
            "key": "field_65eb3e6158ee2",
            "label": "About Course",
            "name": "",
            "aria-label": "",
            "type": "tab",
            "instructions": "",
            "required": 0,
            "conditional_logic": 0,
            "wrapper": {
                "width": "",
                "class": "",
                "id": ""
            },
            "placement": "left",
            "endpoint": 0
        },
        {
            "key": "field_65e6521aa5cb0",
            "label": "Copy",
            "name": "about_copy",
            "aria-label": "",
            "type": "wysiwyg",
            "instructions": "",
            "required": 1,
            "conditional_logic": 0,
            "wrapper": {
                "width": "50",
                "class": "",
                "id": ""
            },
            "default_value": "",
            "tabs": "all",
            "toolbar": "basic",
            "media_upload": 0,
            "delay": 0
        },
        {
            "key": "field_65eb1ae0760ee",
            "label": "Image",
            "name": "about_image",
            "aria-label": "",
            "type": "image",
            "instructions": "",
            "required": 1,
            "conditional_logic": 0,
            "wrapper": {
                "width": "50",
                "class": "",
                "id": ""
            },
            "return_format": "array",
            "library": "all",
            "min_width": "",
            "min_height": "",
            "min_size": "",
            "max_width": "",
            "max_height": "",
            "max_size": "",
            "mime_types": "",
            "preview_size": "medium"
        },
        {
            "key": "field_65e65252c8e58",
            "label": "List",
            "name": "about_list",
            "aria-label": "",
            "type": "repeater",
            "instructions": "",
            "required": 1,
            "conditional_logic": 0,
            "wrapper": {
                "width": "100",
                "class": "",
                "id": ""
            },
            "layout": "table",
            "pagination": 0,
            "min": 1,
            "max": 0,
            "collapsed": "",
            "button_label": "Add Item",
            "rows_per_page": 20,
            "sub_fields": [
                {
                    "key": "field_65e65261c8e59",
                    "label": "List Item",
                    "name": "item_text",
                    "aria-label": "",
                    "type": "text",
                    "instructions": "",
                    "required": 1,
                    "conditional_logic": 0,
                    "wrapper": {
                        "width": "100",
                        "class": "",
                        "id": ""
                    },
                    "default_value": "",
                    "maxlength": "",
                    "placeholder": "",
                    "prepend": "",
                    "append": "",
                    "parent_repeater": "field_65e65252c8e58"
                }
            ]
        },
        {
            "key": "field_65eb3eb958ee3",
            "label": "Additional Info",
            "name": "",
            "aria-label": "",
            "type": "tab",
            "instructions": "",
            "required": 0,
            "conditional_logic": 0,
            "wrapper": {
                "width": "",
                "class": "",
                "id": ""
            },
            "placement": "left",
            "endpoint": 0
        },
        {
            "key": "field_65e652f7ee373",
            "label": "Attendance List",
            "name": "attendance_list",
            "aria-label": "",
            "type": "repeater",
            "instructions": "",
            "required": 1,
            "conditional_logic": 0,
            "wrapper": {
                "width": "100",
                "class": "",
                "id": ""
            },
            "layout": "table",
            "pagination": 0,
            "min": 1,
            "max": 0,
            "collapsed": "",
            "button_label": "Add Item",
            "rows_per_page": 20,
            "sub_fields": [
                {
                    "key": "field_65e65342ee374",
                    "label": "List Item",
                    "name": "item_text",
                    "aria-label": "",
                    "type": "text",
                    "instructions": "",
                    "required": 1,
                    "conditional_logic": 0,
                    "wrapper": {
                        "width": "100",
                        "class": "",
                        "id": ""
                    },
                    "default_value": "",
                    "maxlength": "",
                    "placeholder": "",
                    "prepend": "",
                    "append": "",
                    "parent_repeater": "field_65e652f7ee373"
                }
            ]
        },
        {
            "key": "field_65e653b532bad",
            "label": "Credits List",
            "name": "credits_list",
            "aria-label": "",
            "type": "repeater",
            "instructions": "",
            "required": 1,
            "conditional_logic": 0,
            "wrapper": {
                "width": "100",
                "class": "",
                "id": ""
            },
            "layout": "table",
            "pagination": 0,
            "min": 1,
            "max": 0,
            "collapsed": "",
            "button_label": "Add Item",
            "rows_per_page": 20,
            "sub_fields": [
                {
                    "key": "field_65e653e332bae",
                    "label": "List Item",
                    "name": "item_text",
                    "aria-label": "",
                    "type": "text",
                    "instructions": "",
                    "required": 1,
                    "conditional_logic": 0,
                    "wrapper": {
                        "width": "100",
                        "class": "",
                        "id": ""
                    },
                    "default_value": "",
                    "maxlength": "",
                    "placeholder": "",
                    "prepend": "",
                    "append": "",
                    "parent_repeater": "field_65e653b532bad"
                }
            ]
        },
        {
            "key": "field_65f329ff293d0",
            "label": "Details",
            "name": "",
            "aria-label": "",
            "type": "tab",
            "instructions": "",
            "required": 0,
            "conditional_logic": 0,
            "wrapper": {
                "width": "",
                "class": "",
                "id": ""
            },
            "placement": "left",
            "endpoint": 1
        },
        {
            "key": "field_65e64d49e5482",
            "label": "Course Price",
            "name": "course_price",
            "aria-label": "",
            "type": "number",
            "instructions": "",
            "required": 1,
            "conditional_logic": 0,
            "wrapper": {
                "width": "33",
                "class": "",
                "id": ""
            },
            "default_value": "",
            "min": "",
            "max": "",
            "placeholder": 450,
            "step": "",
            "prepend": "",
            "append": ""
        },
        {
            "key": "field_65e64b86cd249",
            "label": "Course Code",
            "name": "course_code",
            "aria-label": "",
            "type": "text",
            "instructions": "",
            "required": 1,
            "conditional_logic": 0,
            "wrapper": {
                "width": "33",
                "class": "",
                "id": ""
            },
            "default_value": "",
            "maxlength": "",
            "placeholder": "TCEQ 1234",
            "prepend": "",
            "append": ""
        },
        {
            "key": "field_65e64bcbcd24a",
            "label": "Course Time",
            "name": "course_time",
            "aria-label": "",
            "type": "number",
            "instructions": "The number of class hours this course requires.",
            "required": 1,
            "conditional_logic": 0,
            "wrapper": {
                "width": "34",
                "class": "",
                "id": ""
            },
            "default_value": "",
            "min": "",
            "max": "",
            "placeholder": 40,
            "step": "",
            "prepend": "",
            "append": ""
        },
        {
            "key": "field_65e64c0dcd24b",
            "label": "License Type",
            "name": "license_type",
            "aria-label": "",
            "type": "post_object",
            "instructions": "",
            "required": 0,
            "conditional_logic": 0,
            "wrapper": {
                "width": "50",
                "class": "",
                "id": ""
            },
            "post_type": [
                "license"
            ],
            "post_status": [
                "publish"
            ],
            "taxonomy": "",
            "return_format": "id",
            "multiple": 0,
            "allow_null": 0,
            "bidirectional": 0,
            "ui": 1,
            "bidirectional_target": []
        },
        {
            "key": "field_65e64c889b8a4",
            "label": "Class Type",
            "name": "class_type",
            "aria-label": "",
            "type": "select",
            "instructions": "",
            "required": 1,
            "conditional_logic": 0,
            "wrapper": {
                "width": "50",
                "class": "",
                "id": ""
            },
            "choices": {
                "in-person": "In Person",
                "virtual": "Virtual"
            },
            "default_value": "in-person",
            "return_format": "array",
            "multiple": 0,
            "allow_null": 0,
            "ui": 0,
            "ajax": 0,
            "placeholder": ""
        },
        {
            "key": "field_65eb409724dcd",
            "label": "Schedules",
            "name": "",
            "aria-label": "",
            "type": "tab",
            "instructions": "",
            "required": 0,
            "conditional_logic": 0,
            "wrapper": {
                "width": "",
                "class": "",
                "id": ""
            },
            "placement": "left",
            "endpoint": 0
        },
        {
            "key": "field_65e6576fde71f",
            "label": "Dates",
            "name": "course_dates",
            "aria-label": "",
            "type": "repeater",
            "instructions": "",
            "required": 1,
            "conditional_logic": 0,
            "wrapper": {
                "width": "100",
                "class": "",
                "id": ""
            },
            "layout": "table",
            "pagination": 0,
            "min": 1,
            "max": 0,
            "collapsed": "",
            "button_label": "Add Schedule",
            "rows_per_page": 20,
            "sub_fields": [
                {
                    "key": "field_65e6571fde71e",
                    "label": "Start Date",
                    "name": "start_date",
                    "aria-label": "",
                    "type": "date_picker",
                    "instructions": "",
                    "required": 1,
                    "conditional_logic": 0,
                    "wrapper": {
                        "width": "50",
                        "class": "",
                        "id": ""
                    },
                    "display_format": "m\/d\/Y",
                    "return_format": "m\/d\/Y",
                    "first_day": 0,
                    "parent_repeater": "field_65e6576fde71f"
                },
                {
                    "key": "field_65e657c22b7fa",
                    "label": "End Date",
                    "name": "end_date",
                    "aria-label": "",
                    "type": "date_picker",
                    "instructions": "",
                    "required": 0,
                    "conditional_logic": 0,
                    "wrapper": {
                        "width": "50",
                        "class": "",
                        "id": ""
                    },
                    "display_format": "m\/d\/Y",
                    "return_format": "m\/d\/Y",
                    "first_day": 0,
                    "parent_repeater": "field_65e6576fde71f"
                }
            ]
        },
        {
            "key": "field_65f32a1b293d1",
            "label": "Stripe",
            "name": "",
            "aria-label": "",
            "type": "tab",
            "instructions": "",
            "required": 0,
            "conditional_logic": 0,
            "wrapper": {
                "width": "",
                "class": "",
                "id": ""
            },
            "placement": "left",
            "endpoint": 0
        },
        {
            "key": "field_65f3289edec2f",
            "label": "Product ID",
            "name": "product_id",
            "aria-label": "",
            "type": "text",
            "instructions": "Enter the Product ID for this course's corresponding product in the Stripe admin.",
            "required": 1,
            "conditional_logic": 0,
            "wrapper": {
                "width": "50",
                "class": "",
                "id": ""
            },
            "default_value": "",
            "maxlength": "",
            "placeholder": "",
            "prepend": "",
            "append": ""
        },
        {
            "key": "field_65f328e5dec30",
            "label": "Price ID",
            "name": "price_id",
            "aria-label": "",
            "type": "text",
            "instructions": "Enter the Price ID for this course's corresponding product in the Stripe admin.",
            "required": 1,
            "conditional_logic": 0,
            "wrapper": {
                "width": "50",
                "class": "",
                "id": ""
            },
            "default_value": "",
            "maxlength": "",
            "placeholder": "",
            "prepend": "",
            "append": ""
        }
    ],
    "location": [
        [
            {
                "param": "post_type",
                "operator": "==",
                "value": "course"
            }
        ]
    ],
    "menu_order": 0,
    "position": "acf_after_title",
    "style": "default",
    "label_placement": "top",
    "instruction_placement": "field",
    "hide_on_screen": "",
    "active": true,
    "description": "",
    "show_in_rest": 0,
    "modified": 1712758218
}
