{
    "key": "group_65eb3ab5a7467",
    "title": "Featured Image",
    "fields": [
        {
            "key": "field_65eb3ab60c6a5",
            "label": "Image",
            "name": "featured_image",
            "aria-label": "",
            "type": "image",
            "instructions": "",
            "required": 1,
            "conditional_logic": 0,
            "wrapper": {
                "width": "100",
                "class": "",
                "id": ""
            },
            "return_format": "array",
            "library": "all",
            "min_width": "",
            "min_height": "",
            "min_size": "",
            "max_width": "",
            "max_height": "",
            "max_size": "",
            "mime_types": "",
            "preview_size": "medium"
        }
    ],
    "location": [
        [
            {
                "param": "post_type",
                "operator": "==",
                "value": "course"
            }
        ],
        [
            {
                "param": "post_type",
                "operator": "==",
                "value": "license"
            }
        ]
    ],
    "menu_order": 0,
    "position": "side",
    "style": "default",
    "label_placement": "top",
    "instruction_placement": "label",
    "hide_on_screen": [
        "featured_image"
    ],
    "active": true,
    "description": "",
    "show_in_rest": 0,
    "modified": 1710861373
}
