{
    "key": "group_65e90971241cc",
    "title": "Block - Featured Courses",
    "fields": [
        {
            "key": "field_65e909727cd91",
            "label": "Headline",
            "name": "headline",
            "aria-label": "",
            "type": "text",
            "instructions": "",
            "required": 0,
            "conditional_logic": 0,
            "wrapper": {
                "width": "100",
                "class": "",
                "id": ""
            },
            "default_value": "",
            "maxlength": "",
            "placeholder": "",
            "prepend": "",
            "append": ""
        },
        {
            "key": "field_65e909a47cd92",
            "label": "Copy",
            "name": "copy",
            "aria-label": "",
            "type": "wysiwyg",
            "instructions": "",
            "required": 0,
            "conditional_logic": 0,
            "wrapper": {
                "width": "100",
                "class": "",
                "id": ""
            },
            "default_value": "",
            "tabs": "all",
            "toolbar": "basic",
            "media_upload": 0,
            "delay": 0
        },
        {
            "key": "field_65e909bc7cd93",
            "label": "Featured Courses",
            "name": "featured_courses",
            "aria-label": "",
            "type": "post_object",
            "instructions": "",
            "required": 1,
            "conditional_logic": 0,
            "wrapper": {
                "width": "100",
                "class": "",
                "id": ""
            },
            "post_type": [
                "course"
            ],
            "post_status": [
                "publish"
            ],
            "taxonomy": "",
            "return_format": "id",
            "multiple": 1,
            "allow_null": 0,
            "bidirectional": 0,
            "ui": 1,
            "bidirectional_target": []
        }
    ],
    "location": [
        [
            {
                "param": "block",
                "operator": "==",
                "value": "infinite\/course-featured"
            }
        ]
    ],
    "menu_order": 0,
    "position": "normal",
    "style": "default",
    "label_placement": "top",
    "instruction_placement": "label",
    "hide_on_screen": "",
    "active": true,
    "description": "",
    "show_in_rest": 0,
    "modified": 1710861199
}
