{
    "key": "post_type_65eb29e6f3824",
    "title": "Licenses",
    "menu_order": 0,
    "active": true,
    "post_type": "license",
    "advanced_configuration": true,
    "import_source": "",
    "import_date": "",
    "labels": {
        "name": "Licenses",
        "singular_name": "License",
        "menu_name": "Licenses",
        "all_items": "All Licenses",
        "edit_item": "Edit License",
        "view_item": "View License",
        "view_items": "View Licenses",
        "add_new_item": "Add New License",
        "add_new": "Add New License",
        "new_item": "New License",
        "parent_item_colon": "Parent License:",
        "search_items": "Search Licenses",
        "not_found": "No licenses found",
        "not_found_in_trash": "No licenses found in Trash",
        "archives": "License Archives",
        "attributes": "License Attributes",
        "featured_image": "",
        "set_featured_image": "",
        "remove_featured_image": "",
        "use_featured_image": "",
        "insert_into_item": "Insert into license",
        "uploaded_to_this_item": "Uploaded to this license",
        "filter_items_list": "Filter licenses list",
        "filter_by_date": "Filter licenses by date",
        "items_list_navigation": "Licenses list navigation",
        "items_list": "Licenses list",
        "item_published": "License published.",
        "item_published_privately": "License published privately.",
        "item_reverted_to_draft": "License reverted to draft.",
        "item_scheduled": "License scheduled.",
        "item_updated": "License updated.",
        "item_link": "License Link",
        "item_link_description": "A link to a license."
    },
    "description": "",
    "public": true,
    "hierarchical": false,
    "exclude_from_search": false,
    "publicly_queryable": true,
    "show_ui": true,
    "show_in_menu": true,
    "admin_menu_parent": "",
    "show_in_admin_bar": false,
    "show_in_nav_menus": true,
    "show_in_rest": false,
    "rest_base": "",
    "rest_namespace": "wp\/v2",
    "rest_controller_class": "WP_REST_Posts_Controller",
    "menu_position": "",
    "menu_icon": "dashicons-awards",
    "rename_capabilities": false,
    "singular_capability_name": "post",
    "plural_capability_name": "posts",
    "supports": [
        "title"
    ],
    "taxonomies": "",
    "has_archive": false,
    "has_archive_slug": "",
    "rewrite": {
        "permalink_rewrite": "post_type_key",
        "with_front": "1",
        "feeds": "0",
        "pages": "1"
    },
    "query_var": "post_type_key",
    "query_var_name": "",
    "can_export": true,
    "delete_with_user": false,
    "register_meta_box_cb": "",
    "enter_title_here": "",
    "modified": 1710861480
}
