{
    "key": "post_type_65e64ab27ad80",
    "title": "Courses",
    "menu_order": 0,
    "active": true,
    "post_type": "course",
    "advanced_configuration": true,
    "import_source": "",
    "import_date": "",
    "labels": {
        "name": "Courses",
        "singular_name": "Course",
        "menu_name": "Courses",
        "all_items": "All Courses",
        "edit_item": "Edit Course",
        "view_item": "View Course",
        "view_items": "View Courses",
        "add_new_item": "Add New Course",
        "add_new": "Add New Course",
        "new_item": "New Course",
        "parent_item_colon": "Parent Course:",
        "search_items": "Search Courses",
        "not_found": "No courses found",
        "not_found_in_trash": "No courses found in Trash",
        "archives": "Course Archives",
        "attributes": "Course Attributes",
        "featured_image": "",
        "set_featured_image": "",
        "remove_featured_image": "",
        "use_featured_image": "",
        "insert_into_item": "Insert into course",
        "uploaded_to_this_item": "Uploaded to this course",
        "filter_items_list": "Filter courses list",
        "filter_by_date": "Filter courses by date",
        "items_list_navigation": "Courses list navigation",
        "items_list": "Courses list",
        "item_published": "Course published.",
        "item_published_privately": "Course published privately.",
        "item_reverted_to_draft": "Course reverted to draft.",
        "item_scheduled": "Course scheduled.",
        "item_updated": "Course updated.",
        "item_link": "Course Link",
        "item_link_description": "A link to a course."
    },
    "description": "",
    "public": false,
    "hierarchical": false,
    "exclude_from_search": false,
    "publicly_queryable": true,
    "show_ui": true,
    "show_in_menu": true,
    "admin_menu_parent": "",
    "show_in_admin_bar": false,
    "show_in_nav_menus": true,
    "show_in_rest": false,
    "rest_base": "",
    "rest_namespace": "wp\/v2",
    "rest_controller_class": "WP_REST_Posts_Controller",
    "menu_position": "",
    "menu_icon": "dashicons-welcome-learn-more",
    "rename_capabilities": false,
    "singular_capability_name": "post",
    "plural_capability_name": "posts",
    "supports": [
        "title"
    ],
    "taxonomies": "",
    "has_archive": false,
    "has_archive_slug": "",
    "rewrite": {
        "permalink_rewrite": "post_type_key",
        "with_front": "1",
        "feeds": "0",
        "pages": "1"
    },
    "query_var": "post_type_key",
    "query_var_name": "",
    "can_export": true,
    "delete_with_user": false,
    "register_meta_box_cb": "",
    "enter_title_here": "",
    "modified": 1710861458
}
