{
    "key": "ui_options_page_65f467aa95598",
    "title": "BVWP Settings",
    "active": true,
    "menu_order": 0,
    "page_title": "BVWP Settings",
    "menu_slug": "bvwp-settings",
    "parent_slug": "none",
    "advanced_configuration": 1,
    "icon_url": "dashicons-admin-generic",
    "menu_title": "BVWP Settings",
    "position": 2,
    "redirect": 0,
    "description": "",
    "update_button": "Save",
    "updated_message": "Settings Updated",
    "capability": "manage_options",
    "data_storage": "options",
    "post_id": "",
    "autoload": 1,
    "modified": 1710861500
}
